[{"model": "users.tenantprofile", "pk": 1, "fields": {"user": 3, "first_name": "Rizwan", "last_name": "Razzak", "phone_number": "03352055505", "address": "Flat # 802, 8th Floor, Saima Burj Al-Baraka, Plot # D-8,  Khaliq Uz Zaman Road Clifton Block 8", "rented_room": null, "rented_house": 18}}, {"model": "users.tenantprofile", "pk": 2, "fields": {"user": 4, "first_name": "suma", "last_name": "Rizwan", "phone_number": "03352055505", "address": "Flat # 802, 8th Floor, Saima Burj Al-Baraka, Plot # D-8,  Khaliq Uz Zaman Road Clifton Block 8", "rented_room": null, "rented_house": null}}, {"model": "users.tenantprofile", "pk": 3, "fields": {"user": 7, "first_name": "hamza", "last_name": "Rizwan", "phone_number": "03211234567", "address": "Clifton Block 8", "rented_room": null, "rented_house": null}}, {"model": "users.tenantprofile", "pk": 4, "fields": {"user": 8, "first_name": "Shaheer", "last_name": "Khan", "phone_number": "03018207471", "address": "D-32/A\r\nBlock-9, Clifton", "rented_room": null, "rented_house": null}}, {"model": "users.tenantprofile", "pk": 5, "fields": {"user": 9, "first_name": "Shaheer", "last_name": "Khan", "phone_number": "03018207471", "address": "D-32/A\r\nBlock-9, Clifton", "rented_room": null, "rented_house": null}}, {"model": "users.propertymanagerprofile", "pk": 1, "fields": {"user": 5, "first_name": "Shaheer", "last_name": "Khan", "phone_number": "0300-1234567", "address": "Clifton Block 9", "managed_properties": [4]}}, {"model": "admin.logentry", "pk": 1, "fields": {"action_time": "2025-02-11T14:55:40.110Z", "user": 1, "content_type": 14, "object_id": "102", "object_repr": "Room: Countryside House House 6 Room 6 - Countryside House", "action_flag": 3, "change_message": ""}}, {"model": "admin.logentry", "pk": 2, "fields": {"action_time": "2025-02-11T14:55:40.165Z", "user": 1, "content_type": 14, "object_id": "101", "object_repr": "Room: Countryside House House 6 Room 5 - Countryside House", "action_flag": 3, "change_message": ""}}, {"model": "admin.logentry", "pk": 3, "fields": {"action_time": "2025-02-11T14:55:40.172Z", "user": 1, "content_type": 14, "object_id": "100", "object_repr": "Room: Countryside House House 6 Room 4 - Countryside House", "action_flag": 3, "change_message": ""}}, {"model": "admin.logentry", "pk": 4, "fields": {"action_time": "2025-02-11T14:55:40.178Z", "user": 1, "content_type": 14, "object_id": "99", "object_repr": "Room: Countryside House House 6 Room 3 - Countryside House", "action_flag": 3, "change_message": ""}}, {"model": "admin.logentry", "pk": 5, "fields": {"action_time": "2025-02-11T14:55:40.185Z", "user": 1, "content_type": 14, "object_id": "98", "object_repr": "Room: Countryside House House 6 Room 2 - Countryside House", "action_flag": 3, "change_message": ""}}, {"model": "admin.logentry", "pk": 6, "fields": {"action_time": "2025-02-11T14:55:40.192Z", "user": 1, "content_type": 14, "object_id": "97", "object_repr": "Room: Countryside House House 6 Room 1 - Countryside House", "action_flag": 3, "change_message": ""}}, {"model": "admin.logentry", "pk": 7, "fields": {"action_time": "2025-02-11T14:55:40.200Z", "user": 1, "content_type": 14, "object_id": "96", "object_repr": "Room: Countryside House House 5 Room 6 - Countryside House", "action_flag": 3, "change_message": ""}}, {"model": "admin.logentry", "pk": 8, "fields": {"action_time": "2025-02-11T14:55:40.207Z", "user": 1, "content_type": 14, "object_id": "95", "object_repr": "Room: Countryside House House 5 Room 5 - Countryside House", "action_flag": 3, "change_message": ""}}, {"model": "admin.logentry", "pk": 9, "fields": {"action_time": "2025-02-11T14:55:40.214Z", "user": 1, "content_type": 14, "object_id": "94", "object_repr": "Room: Countryside House House 5 Room 4 - Countryside House", "action_flag": 3, "change_message": ""}}, {"model": "admin.logentry", "pk": 10, "fields": {"action_time": "2025-02-11T14:55:40.222Z", "user": 1, "content_type": 14, "object_id": "93", "object_repr": "Room: Countryside House House 5 Room 3 - Countryside House", "action_flag": 3, "change_message": ""}}, {"model": "admin.logentry", "pk": 11, "fields": {"action_time": "2025-02-11T14:55:40.231Z", "user": 1, "content_type": 14, "object_id": "92", "object_repr": "Room: Countryside House House 5 Room 2 - Countryside House", "action_flag": 3, "change_message": ""}}, {"model": "admin.logentry", "pk": 12, "fields": {"action_time": "2025-02-11T14:55:40.240Z", "user": 1, "content_type": 14, "object_id": "91", "object_repr": "Room: Countryside House House 5 Room 1 - Countryside House", "action_flag": 3, "change_message": ""}}, {"model": "admin.logentry", "pk": 13, "fields": {"action_time": "2025-02-11T14:55:40.248Z", "user": 1, "content_type": 14, "object_id": "90", "object_repr": "Room: Countryside House House 4 Room 6 - Countryside House", "action_flag": 3, "change_message": ""}}, {"model": "admin.logentry", "pk": 14, "fields": {"action_time": "2025-02-11T14:55:40.257Z", "user": 1, "content_type": 14, "object_id": "89", "object_repr": "Room: Countryside House House 4 Room 5 - Countryside House", "action_flag": 3, "change_message": ""}}, {"model": "admin.logentry", "pk": 15, "fields": {"action_time": "2025-02-11T14:55:40.267Z", "user": 1, "content_type": 14, "object_id": "88", "object_repr": "Room: Countryside House House 4 Room 4 - Countryside House", "action_flag": 3, "change_message": ""}}, {"model": "admin.logentry", "pk": 16, "fields": {"action_time": "2025-02-11T14:55:40.275Z", "user": 1, "content_type": 14, "object_id": "87", "object_repr": "Room: Countryside House House 4 Room 3 - Countryside House", "action_flag": 3, "change_message": ""}}, {"model": "admin.logentry", "pk": 17, "fields": {"action_time": "2025-02-11T14:55:40.283Z", "user": 1, "content_type": 14, "object_id": "86", "object_repr": "Room: Countryside House House 4 Room 2 - Countryside House", "action_flag": 3, "change_message": ""}}, {"model": "admin.logentry", "pk": 18, "fields": {"action_time": "2025-02-11T14:55:40.293Z", "user": 1, "content_type": 14, "object_id": "85", "object_repr": "Room: Countryside House House 4 Room 1 - Countryside House", "action_flag": 3, "change_message": ""}}, {"model": "admin.logentry", "pk": 19, "fields": {"action_time": "2025-02-11T14:55:40.302Z", "user": 1, "content_type": 14, "object_id": "84", "object_repr": "Room: Countryside House House 3 Room 6 - Countryside House", "action_flag": 3, "change_message": ""}}, {"model": "admin.logentry", "pk": 20, "fields": {"action_time": "2025-02-11T14:55:40.310Z", "user": 1, "content_type": 14, "object_id": "83", "object_repr": "Room: Countryside House House 3 Room 5 - Countryside House", "action_flag": 3, "change_message": ""}}, {"model": "admin.logentry", "pk": 21, "fields": {"action_time": "2025-02-11T14:55:40.320Z", "user": 1, "content_type": 14, "object_id": "82", "object_repr": "Room: Countryside House House 3 Room 4 - Countryside House", "action_flag": 3, "change_message": ""}}, {"model": "admin.logentry", "pk": 22, "fields": {"action_time": "2025-02-11T14:55:40.329Z", "user": 1, "content_type": 14, "object_id": "81", "object_repr": "Room: Countryside House House 3 Room 3 - Countryside House", "action_flag": 3, "change_message": ""}}, {"model": "admin.logentry", "pk": 23, "fields": {"action_time": "2025-02-11T14:55:40.338Z", "user": 1, "content_type": 14, "object_id": "80", "object_repr": "Room: Countryside House House 3 Room 2 - Countryside House", "action_flag": 3, "change_message": ""}}, {"model": "admin.logentry", "pk": 24, "fields": {"action_time": "2025-02-11T14:55:40.347Z", "user": 1, "content_type": 14, "object_id": "79", "object_repr": "Room: Countryside House House 3 Room 1 - Countryside House", "action_flag": 3, "change_message": ""}}, {"model": "admin.logentry", "pk": 25, "fields": {"action_time": "2025-02-11T14:55:40.356Z", "user": 1, "content_type": 14, "object_id": "78", "object_repr": "Room: Countryside House House 2 Room 6 - Countryside House", "action_flag": 3, "change_message": ""}}, {"model": "admin.logentry", "pk": 26, "fields": {"action_time": "2025-02-11T14:55:40.365Z", "user": 1, "content_type": 14, "object_id": "77", "object_repr": "Room: Countryside House House 2 Room 5 - Countryside House", "action_flag": 3, "change_message": ""}}, {"model": "admin.logentry", "pk": 27, "fields": {"action_time": "2025-02-11T14:55:40.374Z", "user": 1, "content_type": 14, "object_id": "76", "object_repr": "Room: Countryside House House 2 Room 4 - Countryside House", "action_flag": 3, "change_message": ""}}, {"model": "admin.logentry", "pk": 28, "fields": {"action_time": "2025-02-11T14:55:40.383Z", "user": 1, "content_type": 14, "object_id": "75", "object_repr": "Room: Countryside House House 2 Room 3 - Countryside House", "action_flag": 3, "change_message": ""}}, {"model": "admin.logentry", "pk": 29, "fields": {"action_time": "2025-02-11T14:55:40.393Z", "user": 1, "content_type": 14, "object_id": "74", "object_repr": "Room: Countryside House House 2 Room 2 - Countryside House", "action_flag": 3, "change_message": ""}}, {"model": "admin.logentry", "pk": 30, "fields": {"action_time": "2025-02-11T14:55:40.402Z", "user": 1, "content_type": 14, "object_id": "73", "object_repr": "Room: Countryside House House 2 Room 1 - Countryside House", "action_flag": 3, "change_message": ""}}, {"model": "admin.logentry", "pk": 31, "fields": {"action_time": "2025-02-11T14:55:40.411Z", "user": 1, "content_type": 14, "object_id": "72", "object_repr": "Room: Countryside House House 1 Room 6 - Countryside House", "action_flag": 3, "change_message": ""}}, {"model": "admin.logentry", "pk": 32, "fields": {"action_time": "2025-02-11T14:55:40.420Z", "user": 1, "content_type": 14, "object_id": "71", "object_repr": "Room: Countryside House House 1 Room 5 - Countryside House", "action_flag": 3, "change_message": ""}}, {"model": "admin.logentry", "pk": 33, "fields": {"action_time": "2025-02-11T14:55:40.429Z", "user": 1, "content_type": 14, "object_id": "70", "object_repr": "Room: Countryside House House 1 Room 4 - Countryside House", "action_flag": 3, "change_message": ""}}, {"model": "admin.logentry", "pk": 34, "fields": {"action_time": "2025-02-11T14:55:40.438Z", "user": 1, "content_type": 14, "object_id": "69", "object_repr": "Room: Countryside House House 1 Room 3 - Countryside House", "action_flag": 3, "change_message": ""}}, {"model": "admin.logentry", "pk": 35, "fields": {"action_time": "2025-02-11T14:55:40.447Z", "user": 1, "content_type": 14, "object_id": "68", "object_repr": "Room: Countryside House House 1 Room 2 - Countryside House", "action_flag": 3, "change_message": ""}}, {"model": "admin.logentry", "pk": 36, "fields": {"action_time": "2025-02-11T14:55:40.456Z", "user": 1, "content_type": 14, "object_id": "67", "object_repr": "Room: Countryside House House 1 Room 1 - Countryside House", "action_flag": 3, "change_message": ""}}, {"model": "admin.logentry", "pk": 37, "fields": {"action_time": "2025-02-11T14:55:40.464Z", "user": 1, "content_type": 14, "object_id": "66", "object_repr": "Room: Downtown Apartment House 5 Room 6 - Downtown Apartment", "action_flag": 3, "change_message": ""}}, {"model": "admin.logentry", "pk": 38, "fields": {"action_time": "2025-02-11T14:55:40.473Z", "user": 1, "content_type": 14, "object_id": "65", "object_repr": "Room: Downtown Apartment House 5 Room 5 - Downtown Apartment", "action_flag": 3, "change_message": ""}}, {"model": "admin.logentry", "pk": 39, "fields": {"action_time": "2025-02-11T14:55:40.482Z", "user": 1, "content_type": 14, "object_id": "64", "object_repr": "Room: Downtown Apartment House 5 Room 4 - Downtown Apartment", "action_flag": 3, "change_message": ""}}, {"model": "admin.logentry", "pk": 40, "fields": {"action_time": "2025-02-11T14:55:40.490Z", "user": 1, "content_type": 14, "object_id": "63", "object_repr": "Room: Downtown Apartment House 5 Room 3 - Downtown Apartment", "action_flag": 3, "change_message": ""}}, {"model": "admin.logentry", "pk": 41, "fields": {"action_time": "2025-02-11T14:55:40.500Z", "user": 1, "content_type": 14, "object_id": "62", "object_repr": "Room: Downtown Apartment House 5 Room 2 - Downtown Apartment", "action_flag": 3, "change_message": ""}}, {"model": "admin.logentry", "pk": 42, "fields": {"action_time": "2025-02-11T14:55:40.510Z", "user": 1, "content_type": 14, "object_id": "61", "object_repr": "Room: Downtown Apartment House 5 Room 1 - Downtown Apartment", "action_flag": 3, "change_message": ""}}, {"model": "admin.logentry", "pk": 43, "fields": {"action_time": "2025-02-11T14:55:40.519Z", "user": 1, "content_type": 14, "object_id": "60", "object_repr": "Room: Downtown Apartment House 4 Room 6 - Downtown Apartment", "action_flag": 3, "change_message": ""}}, {"model": "admin.logentry", "pk": 44, "fields": {"action_time": "2025-02-11T14:55:40.529Z", "user": 1, "content_type": 14, "object_id": "59", "object_repr": "Room: Downtown Apartment House 4 Room 5 - Downtown Apartment", "action_flag": 3, "change_message": ""}}, {"model": "admin.logentry", "pk": 45, "fields": {"action_time": "2025-02-11T14:55:40.538Z", "user": 1, "content_type": 14, "object_id": "58", "object_repr": "Room: Downtown Apartment House 4 Room 4 - Downtown Apartment", "action_flag": 3, "change_message": ""}}, {"model": "admin.logentry", "pk": 46, "fields": {"action_time": "2025-02-11T14:55:40.546Z", "user": 1, "content_type": 14, "object_id": "57", "object_repr": "Room: Downtown Apartment House 4 Room 3 - Downtown Apartment", "action_flag": 3, "change_message": ""}}, {"model": "admin.logentry", "pk": 47, "fields": {"action_time": "2025-02-11T14:55:40.554Z", "user": 1, "content_type": 14, "object_id": "56", "object_repr": "Room: Downtown Apartment House 4 Room 2 - Downtown Apartment", "action_flag": 3, "change_message": ""}}, {"model": "admin.logentry", "pk": 48, "fields": {"action_time": "2025-02-11T14:55:40.564Z", "user": 1, "content_type": 14, "object_id": "55", "object_repr": "Room: Downtown Apartment House 4 Room 1 - Downtown Apartment", "action_flag": 3, "change_message": ""}}, {"model": "admin.logentry", "pk": 49, "fields": {"action_time": "2025-02-11T14:55:40.572Z", "user": 1, "content_type": 14, "object_id": "54", "object_repr": "Room: Downtown Apartment House 3 Room 6 - Downtown Apartment", "action_flag": 3, "change_message": ""}}, {"model": "admin.logentry", "pk": 50, "fields": {"action_time": "2025-02-11T14:55:40.581Z", "user": 1, "content_type": 14, "object_id": "53", "object_repr": "Room: Downtown Apartment House 3 Room 5 - Downtown Apartment", "action_flag": 3, "change_message": ""}}, {"model": "admin.logentry", "pk": 51, "fields": {"action_time": "2025-02-11T14:55:40.590Z", "user": 1, "content_type": 14, "object_id": "52", "object_repr": "Room: Downtown Apartment House 3 Room 4 - Downtown Apartment", "action_flag": 3, "change_message": ""}}, {"model": "admin.logentry", "pk": 52, "fields": {"action_time": "2025-02-11T14:55:40.600Z", "user": 1, "content_type": 14, "object_id": "51", "object_repr": "Room: Downtown Apartment House 3 Room 3 - Downtown Apartment", "action_flag": 3, "change_message": ""}}, {"model": "admin.logentry", "pk": 53, "fields": {"action_time": "2025-02-11T14:55:40.613Z", "user": 1, "content_type": 14, "object_id": "50", "object_repr": "Room: Downtown Apartment House 3 Room 2 - Downtown Apartment", "action_flag": 3, "change_message": ""}}, {"model": "admin.logentry", "pk": 54, "fields": {"action_time": "2025-02-11T14:55:40.627Z", "user": 1, "content_type": 14, "object_id": "49", "object_repr": "Room: Downtown Apartment House 3 Room 1 - Downtown Apartment", "action_flag": 3, "change_message": ""}}, {"model": "admin.logentry", "pk": 55, "fields": {"action_time": "2025-02-11T14:55:40.640Z", "user": 1, "content_type": 14, "object_id": "48", "object_repr": "Room: Downtown Apartment House 2 Room 6 - Downtown Apartment", "action_flag": 3, "change_message": ""}}, {"model": "admin.logentry", "pk": 56, "fields": {"action_time": "2025-02-11T14:55:40.651Z", "user": 1, "content_type": 14, "object_id": "47", "object_repr": "Room: Downtown Apartment House 2 Room 5 - Downtown Apartment", "action_flag": 3, "change_message": ""}}, {"model": "admin.logentry", "pk": 57, "fields": {"action_time": "2025-02-11T14:55:40.664Z", "user": 1, "content_type": 14, "object_id": "46", "object_repr": "Room: Downtown Apartment House 2 Room 4 - Downtown Apartment", "action_flag": 3, "change_message": ""}}, {"model": "admin.logentry", "pk": 58, "fields": {"action_time": "2025-02-11T14:55:40.678Z", "user": 1, "content_type": 14, "object_id": "45", "object_repr": "Room: Downtown Apartment House 2 Room 3 - Downtown Apartment", "action_flag": 3, "change_message": ""}}, {"model": "admin.logentry", "pk": 59, "fields": {"action_time": "2025-02-11T14:55:40.690Z", "user": 1, "content_type": 14, "object_id": "44", "object_repr": "Room: Downtown Apartment House 2 Room 2 - Downtown Apartment", "action_flag": 3, "change_message": ""}}, {"model": "admin.logentry", "pk": 60, "fields": {"action_time": "2025-02-11T14:55:40.703Z", "user": 1, "content_type": 14, "object_id": "43", "object_repr": "Room: Downtown Apartment House 2 Room 1 - Downtown Apartment", "action_flag": 3, "change_message": ""}}, {"model": "admin.logentry", "pk": 61, "fields": {"action_time": "2025-02-11T14:55:40.715Z", "user": 1, "content_type": 14, "object_id": "42", "object_repr": "Room: Downtown Apartment House 1 Room 6 - Downtown Apartment", "action_flag": 3, "change_message": ""}}, {"model": "admin.logentry", "pk": 62, "fields": {"action_time": "2025-02-11T14:55:40.728Z", "user": 1, "content_type": 14, "object_id": "41", "object_repr": "Room: Downtown Apartment House 1 Room 5 - Downtown Apartment", "action_flag": 3, "change_message": ""}}, {"model": "admin.logentry", "pk": 63, "fields": {"action_time": "2025-02-11T14:55:40.742Z", "user": 1, "content_type": 14, "object_id": "40", "object_repr": "Room: Downtown Apartment House 1 Room 4 - Downtown Apartment", "action_flag": 3, "change_message": ""}}, {"model": "admin.logentry", "pk": 64, "fields": {"action_time": "2025-02-11T14:55:40.756Z", "user": 1, "content_type": 14, "object_id": "39", "object_repr": "Room: Downtown Apartment House 1 Room 3 - Downtown Apartment", "action_flag": 3, "change_message": ""}}, {"model": "admin.logentry", "pk": 65, "fields": {"action_time": "2025-02-11T14:55:40.770Z", "user": 1, "content_type": 14, "object_id": "38", "object_repr": "Room: Downtown Apartment House 1 Room 2 - Downtown Apartment", "action_flag": 3, "change_message": ""}}, {"model": "admin.logentry", "pk": 66, "fields": {"action_time": "2025-02-11T14:55:40.782Z", "user": 1, "content_type": 14, "object_id": "37", "object_repr": "Room: Downtown Apartment House 1 Room 1 - Downtown Apartment", "action_flag": 3, "change_message": ""}}, {"model": "admin.logentry", "pk": 67, "fields": {"action_time": "2025-02-11T14:55:40.795Z", "user": 1, "content_type": 14, "object_id": "36", "object_repr": "Room: Luxury Villa House 6 Room 6 - Luxury Villa", "action_flag": 3, "change_message": ""}}, {"model": "admin.logentry", "pk": 68, "fields": {"action_time": "2025-02-11T14:55:40.807Z", "user": 1, "content_type": 14, "object_id": "35", "object_repr": "Room: Luxury Villa House 6 Room 5 - Luxury Villa", "action_flag": 3, "change_message": ""}}, {"model": "admin.logentry", "pk": 69, "fields": {"action_time": "2025-02-11T14:55:40.821Z", "user": 1, "content_type": 14, "object_id": "34", "object_repr": "Room: Luxury Villa House 6 Room 4 - Luxury Villa", "action_flag": 3, "change_message": ""}}, {"model": "admin.logentry", "pk": 70, "fields": {"action_time": "2025-02-11T14:55:40.834Z", "user": 1, "content_type": 14, "object_id": "33", "object_repr": "Room: Luxury Villa House 6 Room 3 - Luxury Villa", "action_flag": 3, "change_message": ""}}, {"model": "admin.logentry", "pk": 71, "fields": {"action_time": "2025-02-11T14:55:40.847Z", "user": 1, "content_type": 14, "object_id": "32", "object_repr": "Room: Luxury Villa House 6 Room 2 - Luxury Villa", "action_flag": 3, "change_message": ""}}, {"model": "admin.logentry", "pk": 72, "fields": {"action_time": "2025-02-11T14:55:40.859Z", "user": 1, "content_type": 14, "object_id": "31", "object_repr": "Room: Luxury Villa House 6 Room 1 - Luxury Villa", "action_flag": 3, "change_message": ""}}, {"model": "admin.logentry", "pk": 73, "fields": {"action_time": "2025-02-11T14:55:40.873Z", "user": 1, "content_type": 14, "object_id": "30", "object_repr": "Room: Luxury Villa House 5 Room 6 - Luxury Villa", "action_flag": 3, "change_message": ""}}, {"model": "admin.logentry", "pk": 74, "fields": {"action_time": "2025-02-11T14:55:40.887Z", "user": 1, "content_type": 14, "object_id": "29", "object_repr": "Room: Luxury Villa House 5 Room 5 - Luxury Villa", "action_flag": 3, "change_message": ""}}, {"model": "admin.logentry", "pk": 75, "fields": {"action_time": "2025-02-11T14:55:40.900Z", "user": 1, "content_type": 14, "object_id": "28", "object_repr": "Room: Luxury Villa House 5 Room 4 - Luxury Villa", "action_flag": 3, "change_message": ""}}, {"model": "admin.logentry", "pk": 76, "fields": {"action_time": "2025-02-11T14:55:40.913Z", "user": 1, "content_type": 14, "object_id": "27", "object_repr": "Room: Luxury Villa House 5 Room 3 - Luxury Villa", "action_flag": 3, "change_message": ""}}, {"model": "admin.logentry", "pk": 77, "fields": {"action_time": "2025-02-11T14:55:40.926Z", "user": 1, "content_type": 14, "object_id": "26", "object_repr": "Room: Luxury Villa House 5 Room 2 - Luxury Villa", "action_flag": 3, "change_message": ""}}, {"model": "admin.logentry", "pk": 78, "fields": {"action_time": "2025-02-11T14:55:40.939Z", "user": 1, "content_type": 14, "object_id": "25", "object_repr": "Room: Luxury Villa House 5 Room 1 - Luxury Villa", "action_flag": 3, "change_message": ""}}, {"model": "admin.logentry", "pk": 79, "fields": {"action_time": "2025-02-11T14:55:40.952Z", "user": 1, "content_type": 14, "object_id": "24", "object_repr": "Room: Luxury Villa House 4 Room 6 - Luxury Villa", "action_flag": 3, "change_message": ""}}, {"model": "admin.logentry", "pk": 80, "fields": {"action_time": "2025-02-11T14:55:40.965Z", "user": 1, "content_type": 14, "object_id": "23", "object_repr": "Room: Luxury Villa House 4 Room 5 - Luxury Villa", "action_flag": 3, "change_message": ""}}, {"model": "admin.logentry", "pk": 81, "fields": {"action_time": "2025-02-11T14:55:40.977Z", "user": 1, "content_type": 14, "object_id": "22", "object_repr": "Room: Luxury Villa House 4 Room 4 - Luxury Villa", "action_flag": 3, "change_message": ""}}, {"model": "admin.logentry", "pk": 82, "fields": {"action_time": "2025-02-11T14:55:40.992Z", "user": 1, "content_type": 14, "object_id": "21", "object_repr": "Room: Luxury Villa House 4 Room 3 - Luxury Villa", "action_flag": 3, "change_message": ""}}, {"model": "admin.logentry", "pk": 83, "fields": {"action_time": "2025-02-11T14:55:41.005Z", "user": 1, "content_type": 14, "object_id": "20", "object_repr": "Room: Luxury Villa House 4 Room 2 - Luxury Villa", "action_flag": 3, "change_message": ""}}, {"model": "admin.logentry", "pk": 84, "fields": {"action_time": "2025-02-11T14:55:41.018Z", "user": 1, "content_type": 14, "object_id": "19", "object_repr": "Room: Luxury Villa House 4 Room 1 - Luxury Villa", "action_flag": 3, "change_message": ""}}, {"model": "admin.logentry", "pk": 85, "fields": {"action_time": "2025-02-11T14:55:41.031Z", "user": 1, "content_type": 14, "object_id": "18", "object_repr": "Room: Luxury Villa House 3 Room 6 - Luxury Villa", "action_flag": 3, "change_message": ""}}, {"model": "admin.logentry", "pk": 86, "fields": {"action_time": "2025-02-11T14:55:41.043Z", "user": 1, "content_type": 14, "object_id": "17", "object_repr": "Room: Luxury Villa House 3 Room 5 - Luxury Villa", "action_flag": 3, "change_message": ""}}, {"model": "admin.logentry", "pk": 87, "fields": {"action_time": "2025-02-11T14:55:41.055Z", "user": 1, "content_type": 14, "object_id": "16", "object_repr": "Room: Luxury Villa House 3 Room 4 - Luxury Villa", "action_flag": 3, "change_message": ""}}, {"model": "admin.logentry", "pk": 88, "fields": {"action_time": "2025-02-11T14:55:41.067Z", "user": 1, "content_type": 14, "object_id": "15", "object_repr": "Room: Luxury Villa House 3 Room 3 - Luxury Villa", "action_flag": 3, "change_message": ""}}, {"model": "admin.logentry", "pk": 89, "fields": {"action_time": "2025-02-11T14:55:41.079Z", "user": 1, "content_type": 14, "object_id": "14", "object_repr": "Room: Luxury Villa House 3 Room 2 - Luxury Villa", "action_flag": 3, "change_message": ""}}, {"model": "admin.logentry", "pk": 90, "fields": {"action_time": "2025-02-11T14:55:41.092Z", "user": 1, "content_type": 14, "object_id": "13", "object_repr": "Room: Luxury Villa House 3 Room 1 - Luxury Villa", "action_flag": 3, "change_message": ""}}, {"model": "admin.logentry", "pk": 91, "fields": {"action_time": "2025-02-11T14:55:41.104Z", "user": 1, "content_type": 14, "object_id": "12", "object_repr": "Room: Luxury Villa House 2 Room 6 - Luxury Villa", "action_flag": 3, "change_message": ""}}, {"model": "admin.logentry", "pk": 92, "fields": {"action_time": "2025-02-11T14:55:41.118Z", "user": 1, "content_type": 14, "object_id": "11", "object_repr": "Room: Luxury Villa House 2 Room 5 - Luxury Villa", "action_flag": 3, "change_message": ""}}, {"model": "admin.logentry", "pk": 93, "fields": {"action_time": "2025-02-11T14:55:41.131Z", "user": 1, "content_type": 14, "object_id": "10", "object_repr": "Room: Luxury Villa House 2 Room 4 - Luxury Villa", "action_flag": 3, "change_message": ""}}, {"model": "admin.logentry", "pk": 94, "fields": {"action_time": "2025-02-11T14:55:41.145Z", "user": 1, "content_type": 14, "object_id": "9", "object_repr": "Room: Luxury Villa House 2 Room 3 - Luxury Villa", "action_flag": 3, "change_message": ""}}, {"model": "admin.logentry", "pk": 95, "fields": {"action_time": "2025-02-11T14:55:41.157Z", "user": 1, "content_type": 14, "object_id": "8", "object_repr": "Room: Luxury Villa House 2 Room 2 - Luxury Villa", "action_flag": 3, "change_message": ""}}, {"model": "admin.logentry", "pk": 96, "fields": {"action_time": "2025-02-11T14:55:41.170Z", "user": 1, "content_type": 14, "object_id": "7", "object_repr": "Room: Luxury Villa House 2 Room 1 - Luxury Villa", "action_flag": 3, "change_message": ""}}, {"model": "admin.logentry", "pk": 97, "fields": {"action_time": "2025-02-11T14:55:41.183Z", "user": 1, "content_type": 14, "object_id": "6", "object_repr": "Room: Luxury Villa House 1 Room 6 - Luxury Villa", "action_flag": 3, "change_message": ""}}, {"model": "admin.logentry", "pk": 98, "fields": {"action_time": "2025-02-11T14:55:41.196Z", "user": 1, "content_type": 14, "object_id": "5", "object_repr": "Room: Luxury Villa House 1 Room 5 - Luxury Villa", "action_flag": 3, "change_message": ""}}, {"model": "admin.logentry", "pk": 99, "fields": {"action_time": "2025-02-11T14:55:41.209Z", "user": 1, "content_type": 14, "object_id": "4", "object_repr": "Room: Luxury Villa House 1 Room 4 - Luxury Villa", "action_flag": 3, "change_message": ""}}, {"model": "admin.logentry", "pk": 100, "fields": {"action_time": "2025-02-11T14:55:41.222Z", "user": 1, "content_type": 14, "object_id": "3", "object_repr": "Room: Luxury Villa House 1 Room 3 - Luxury Villa", "action_flag": 3, "change_message": ""}}, {"model": "admin.logentry", "pk": 101, "fields": {"action_time": "2025-02-11T14:55:48.713Z", "user": 1, "content_type": 14, "object_id": "2", "object_repr": "Room: Luxury Villa House 1 Room 2 - Luxury Villa", "action_flag": 3, "change_message": ""}}, {"model": "admin.logentry", "pk": 102, "fields": {"action_time": "2025-02-11T14:55:48.723Z", "user": 1, "content_type": 14, "object_id": "1", "object_repr": "Room: Luxury Villa House 1 Room 1 - Luxury Villa", "action_flag": 3, "change_message": ""}}, {"model": "admin.logentry", "pk": 103, "fields": {"action_time": "2025-02-11T14:55:59.041Z", "user": 1, "content_type": 11, "object_id": "17", "object_repr": "House: Countryside House House 6 - Countryside House", "action_flag": 3, "change_message": ""}}, {"model": "admin.logentry", "pk": 104, "fields": {"action_time": "2025-02-11T14:55:59.050Z", "user": 1, "content_type": 11, "object_id": "16", "object_repr": "House: Countryside House House 5 - Countryside House", "action_flag": 3, "change_message": ""}}, {"model": "admin.logentry", "pk": 105, "fields": {"action_time": "2025-02-11T14:55:59.059Z", "user": 1, "content_type": 11, "object_id": "15", "object_repr": "House: Countryside House House 4 - Countryside House", "action_flag": 3, "change_message": ""}}, {"model": "admin.logentry", "pk": 106, "fields": {"action_time": "2025-02-11T14:55:59.068Z", "user": 1, "content_type": 11, "object_id": "14", "object_repr": "House: Countryside House House 3 - Countryside House", "action_flag": 3, "change_message": ""}}, {"model": "admin.logentry", "pk": 107, "fields": {"action_time": "2025-02-11T14:55:59.077Z", "user": 1, "content_type": 11, "object_id": "13", "object_repr": "House: Countryside House House 2 - Countryside House", "action_flag": 3, "change_message": ""}}, {"model": "admin.logentry", "pk": 108, "fields": {"action_time": "2025-02-11T14:55:59.086Z", "user": 1, "content_type": 11, "object_id": "12", "object_repr": "House: Countryside House House 1 - Countryside House", "action_flag": 3, "change_message": ""}}, {"model": "admin.logentry", "pk": 109, "fields": {"action_time": "2025-02-11T14:55:59.095Z", "user": 1, "content_type": 11, "object_id": "11", "object_repr": "House: Downtown Apartment House 5 - Downtown Apartment", "action_flag": 3, "change_message": ""}}, {"model": "admin.logentry", "pk": 110, "fields": {"action_time": "2025-02-11T14:55:59.105Z", "user": 1, "content_type": 11, "object_id": "10", "object_repr": "House: Downtown Apartment House 4 - Downtown Apartment", "action_flag": 3, "change_message": ""}}, {"model": "admin.logentry", "pk": 111, "fields": {"action_time": "2025-02-11T14:55:59.116Z", "user": 1, "content_type": 11, "object_id": "9", "object_repr": "House: Downtown Apartment House 3 - Downtown Apartment", "action_flag": 3, "change_message": ""}}, {"model": "admin.logentry", "pk": 112, "fields": {"action_time": "2025-02-11T14:55:59.125Z", "user": 1, "content_type": 11, "object_id": "8", "object_repr": "House: Downtown Apartment House 2 - Downtown Apartment", "action_flag": 3, "change_message": ""}}, {"model": "admin.logentry", "pk": 113, "fields": {"action_time": "2025-02-11T14:55:59.135Z", "user": 1, "content_type": 11, "object_id": "7", "object_repr": "House: Downtown Apartment House 1 - Downtown Apartment", "action_flag": 3, "change_message": ""}}, {"model": "admin.logentry", "pk": 114, "fields": {"action_time": "2025-02-11T14:55:59.144Z", "user": 1, "content_type": 11, "object_id": "6", "object_repr": "House: Luxury Villa House 6 - Luxury Villa", "action_flag": 3, "change_message": ""}}, {"model": "admin.logentry", "pk": 115, "fields": {"action_time": "2025-02-11T14:55:59.153Z", "user": 1, "content_type": 11, "object_id": "5", "object_repr": "House: Luxury Villa House 5 - Luxury Villa", "action_flag": 3, "change_message": ""}}, {"model": "admin.logentry", "pk": 116, "fields": {"action_time": "2025-02-11T14:55:59.162Z", "user": 1, "content_type": 11, "object_id": "4", "object_repr": "House: Luxury Villa House 4 - Luxury Villa", "action_flag": 3, "change_message": ""}}, {"model": "admin.logentry", "pk": 117, "fields": {"action_time": "2025-02-11T14:55:59.171Z", "user": 1, "content_type": 11, "object_id": "3", "object_repr": "House: Luxury Villa House 3 - Luxury Villa", "action_flag": 3, "change_message": ""}}, {"model": "admin.logentry", "pk": 118, "fields": {"action_time": "2025-02-11T14:55:59.181Z", "user": 1, "content_type": 11, "object_id": "2", "object_repr": "House: Luxury Villa House 2 - Luxury Villa", "action_flag": 3, "change_message": ""}}, {"model": "admin.logentry", "pk": 119, "fields": {"action_time": "2025-02-11T14:55:59.190Z", "user": 1, "content_type": 11, "object_id": "1", "object_repr": "House: Luxury Villa House 1 - Luxury Villa", "action_flag": 3, "change_message": ""}}, {"model": "admin.logentry", "pk": 120, "fields": {"action_time": "2025-02-11T14:57:15.133Z", "user": 1, "content_type": 9, "object_id": "10", "object_repr": "Washer", "action_flag": 3, "change_message": ""}}, {"model": "admin.logentry", "pk": 121, "fields": {"action_time": "2025-02-11T14:57:15.140Z", "user": 1, "content_type": 9, "object_id": "9", "object_repr": "Pet Friendly", "action_flag": 3, "change_message": ""}}, {"model": "admin.logentry", "pk": 122, "fields": {"action_time": "2025-02-11T14:57:15.146Z", "user": 1, "content_type": 9, "object_id": "8", "object_repr": "Swimming Pool", "action_flag": 3, "change_message": ""}}, {"model": "admin.logentry", "pk": 123, "fields": {"action_time": "2025-02-11T14:57:15.153Z", "user": 1, "content_type": 9, "object_id": "7", "object_repr": "Gym", "action_flag": 3, "change_message": ""}}, {"model": "admin.logentry", "pk": 124, "fields": {"action_time": "2025-02-11T14:57:15.161Z", "user": 1, "content_type": 9, "object_id": "6", "object_repr": "Parking", "action_flag": 3, "change_message": ""}}, {"model": "admin.logentry", "pk": 125, "fields": {"action_time": "2025-02-11T14:57:15.170Z", "user": 1, "content_type": 9, "object_id": "5", "object_repr": "TV", "action_flag": 3, "change_message": ""}}, {"model": "admin.logentry", "pk": 126, "fields": {"action_time": "2025-02-11T14:57:15.182Z", "user": 1, "content_type": 9, "object_id": "4", "object_repr": "Kitchen", "action_flag": 3, "change_message": ""}}, {"model": "admin.logentry", "pk": 127, "fields": {"action_time": "2025-02-11T14:57:15.194Z", "user": 1, "content_type": 9, "object_id": "3", "object_repr": "Heating", "action_flag": 3, "change_message": ""}}, {"model": "admin.logentry", "pk": 128, "fields": {"action_time": "2025-02-11T14:57:15.209Z", "user": 1, "content_type": 9, "object_id": "2", "object_repr": "Air Conditioning", "action_flag": 3, "change_message": ""}}, {"model": "admin.logentry", "pk": 129, "fields": {"action_time": "2025-02-11T14:57:15.223Z", "user": 1, "content_type": 9, "object_id": "1", "object_repr": "WiFi", "action_flag": 3, "change_message": ""}}, {"model": "admin.logentry", "pk": 130, "fields": {"action_time": "2025-02-11T14:57:27.477Z", "user": 1, "content_type": 10, "object_id": "10", "object_repr": "Laundry", "action_flag": 3, "change_message": ""}}, {"model": "admin.logentry", "pk": 131, "fields": {"action_time": "2025-02-11T14:57:27.483Z", "user": 1, "content_type": 10, "object_id": "9", "object_repr": "Restaurant", "action_flag": 3, "change_message": ""}}, {"model": "admin.logentry", "pk": 132, "fields": {"action_time": "2025-02-11T14:57:27.489Z", "user": 1, "content_type": 10, "object_id": "8", "object_repr": "Playground", "action_flag": 3, "change_message": ""}}, {"model": "admin.logentry", "pk": 133, "fields": {"action_time": "2025-02-11T14:57:27.495Z", "user": 1, "content_type": 10, "object_id": "7", "object_repr": "Garden", "action_flag": 3, "change_message": ""}}, {"model": "admin.logentry", "pk": 134, "fields": {"action_time": "2025-02-11T14:57:27.502Z", "user": 1, "content_type": 10, "object_id": "6", "object_repr": "Conference Room", "action_flag": 3, "change_message": ""}}, {"model": "admin.logentry", "pk": 135, "fields": {"action_time": "2025-02-11T14:57:27.507Z", "user": 1, "content_type": 10, "object_id": "5", "object_repr": "CCTV", "action_flag": 3, "change_message": ""}}, {"model": "admin.logentry", "pk": 136, "fields": {"action_time": "2025-02-11T14:57:27.514Z", "user": 1, "content_type": 10, "object_id": "4", "object_repr": "Power Backup", "action_flag": 3, "change_message": ""}}, {"model": "admin.logentry", "pk": 137, "fields": {"action_time": "2025-02-11T14:57:27.520Z", "user": 1, "content_type": 10, "object_id": "3", "object_repr": "Fire Alarm", "action_flag": 3, "change_message": ""}}, {"model": "admin.logentry", "pk": 138, "fields": {"action_time": "2025-02-11T14:57:27.527Z", "user": 1, "content_type": 10, "object_id": "2", "object_repr": "Security", "action_flag": 3, "change_message": ""}}, {"model": "admin.logentry", "pk": 139, "fields": {"action_time": "2025-02-11T14:57:27.533Z", "user": 1, "content_type": 10, "object_id": "1", "object_repr": "Elevator", "action_flag": 3, "change_message": ""}}, {"model": "admin.logentry", "pk": 140, "fields": {"action_time": "2025-02-11T14:57:32.409Z", "user": 1, "content_type": 13, "object_id": "3", "object_repr": "Countryside House", "action_flag": 3, "change_message": ""}}, {"model": "admin.logentry", "pk": 141, "fields": {"action_time": "2025-02-11T14:57:32.417Z", "user": 1, "content_type": 13, "object_id": "2", "object_repr": "Downtown Apartment", "action_flag": 3, "change_message": ""}}, {"model": "admin.logentry", "pk": 142, "fields": {"action_time": "2025-02-11T14:57:32.424Z", "user": 1, "content_type": 13, "object_id": "1", "object_repr": "Luxury Villa", "action_flag": 3, "change_message": ""}}, {"model": "admin.logentry", "pk": 143, "fields": {"action_time": "2025-02-11T20:27:26.829Z", "user": 1, "content_type": 17, "object_id": "1", "object_repr": "Bank Account", "action_flag": 1, "change_message": "[{\"added\": {}}]"}}, {"model": "admin.logentry", "pk": 144, "fields": {"action_time": "2025-02-11T20:27:58.110Z", "user": 1, "content_type": 17, "object_id": "2", "object_repr": "Zelle", "action_flag": 1, "change_message": "[{\"added\": {}}]"}}, {"model": "admin.logentry", "pk": 145, "fields": {"action_time": "2025-02-11T21:28:09.237Z", "user": 1, "content_type": 13, "object_id": "4", "object_repr": "Sunset Villa", "action_flag": 2, "change_message": "[{\"changed\": {\"fields\": [\"Latitude\", \"Longitude\"]}}]"}}, {"model": "admin.logentry", "pk": 146, "fields": {"action_time": "2025-02-11T21:31:52.406Z", "user": 1, "content_type": 12, "object_id": "1", "object_repr": "Image for House 1", "action_flag": 1, "change_message": "[{\"added\": {}}]"}}, {"model": "admin.logentry", "pk": 147, "fields": {"action_time": "2025-02-11T21:31:58.263Z", "user": 1, "content_type": 12, "object_id": "2", "object_repr": "Image for House 1", "action_flag": 1, "change_message": "[{\"added\": {}}]"}}, {"model": "admin.logentry", "pk": 148, "fields": {"action_time": "2025-02-11T21:32:05.619Z", "user": 1, "content_type": 12, "object_id": "3", "object_repr": "Image for House 1", "action_flag": 1, "change_message": "[{\"added\": {}}]"}}, {"model": "admin.logentry", "pk": 149, "fields": {"action_time": "2025-02-14T18:44:54.538Z", "user": 1, "content_type": 12, "object_id": "4", "object_repr": "Image for House 2", "action_flag": 1, "change_message": "[{\"added\": {}}]"}}, {"model": "admin.logentry", "pk": 150, "fields": {"action_time": "2025-02-14T18:44:59.272Z", "user": 1, "content_type": 12, "object_id": "5", "object_repr": "Image for House 2", "action_flag": 1, "change_message": "[{\"added\": {}}]"}}, {"model": "admin.logentry", "pk": 151, "fields": {"action_time": "2025-02-14T18:45:04.034Z", "user": 1, "content_type": 12, "object_id": "6", "object_repr": "Image for House 2", "action_flag": 1, "change_message": "[{\"added\": {}}]"}}, {"model": "admin.logentry", "pk": 152, "fields": {"action_time": "2025-02-14T18:45:09.723Z", "user": 1, "content_type": 12, "object_id": "7", "object_repr": "Image for House 2", "action_flag": 1, "change_message": "[{\"added\": {}}]"}}, {"model": "admin.logentry", "pk": 153, "fields": {"action_time": "2025-02-14T18:45:21.395Z", "user": 1, "content_type": 12, "object_id": "8", "object_repr": "Image for House 3", "action_flag": 1, "change_message": "[{\"added\": {}}]"}}, {"model": "admin.logentry", "pk": 154, "fields": {"action_time": "2025-02-14T18:45:32.041Z", "user": 1, "content_type": 12, "object_id": "9", "object_repr": "Image for House 3", "action_flag": 1, "change_message": "[{\"added\": {}}]"}}, {"model": "admin.logentry", "pk": 155, "fields": {"action_time": "2025-02-14T18:45:36.368Z", "user": 1, "content_type": 12, "object_id": "10", "object_repr": "Image for House 3", "action_flag": 1, "change_message": "[{\"added\": {}}]"}}, {"model": "admin.logentry", "pk": 156, "fields": {"action_time": "2025-02-14T18:45:44.077Z", "user": 1, "content_type": 12, "object_id": "11", "object_repr": "Image for House 4", "action_flag": 1, "change_message": "[{\"added\": {}}]"}}, {"model": "admin.logentry", "pk": 157, "fields": {"action_time": "2025-02-14T18:45:48.363Z", "user": 1, "content_type": 12, "object_id": "12", "object_repr": "Image for House 4", "action_flag": 1, "change_message": "[{\"added\": {}}]"}}, {"model": "admin.logentry", "pk": 158, "fields": {"action_time": "2025-02-14T18:45:54.389Z", "user": 1, "content_type": 12, "object_id": "13", "object_repr": "Image for House 4", "action_flag": 1, "change_message": "[{\"added\": {}}]"}}, {"model": "admin.logentry", "pk": 159, "fields": {"action_time": "2025-02-14T18:46:09.511Z", "user": 1, "content_type": 12, "object_id": "14", "object_repr": "Image for House 5", "action_flag": 1, "change_message": "[{\"added\": {}}]"}}, {"model": "admin.logentry", "pk": 160, "fields": {"action_time": "2025-02-14T18:46:14.487Z", "user": 1, "content_type": 12, "object_id": "15", "object_repr": "Image for House 5", "action_flag": 1, "change_message": "[{\"added\": {}}]"}}, {"model": "admin.logentry", "pk": 161, "fields": {"action_time": "2025-02-14T18:46:25.798Z", "user": 1, "content_type": 12, "object_id": "16", "object_repr": "Image for House 5", "action_flag": 1, "change_message": "[{\"added\": {}}]"}}, {"model": "admin.logentry", "pk": 162, "fields": {"action_time": "2025-02-14T18:46:35.767Z", "user": 1, "content_type": 12, "object_id": "17", "object_repr": "Image for House 6", "action_flag": 1, "change_message": "[{\"added\": {}}]"}}, {"model": "admin.logentry", "pk": 163, "fields": {"action_time": "2025-02-14T18:46:43.389Z", "user": 1, "content_type": 12, "object_id": "18", "object_repr": "Image for House 6", "action_flag": 1, "change_message": "[{\"added\": {}}]"}}, {"model": "admin.logentry", "pk": 164, "fields": {"action_time": "2025-02-14T18:46:50.361Z", "user": 1, "content_type": 12, "object_id": "19", "object_repr": "Image for House 6", "action_flag": 1, "change_message": "[{\"added\": {}}]"}}, {"model": "admin.logentry", "pk": 165, "fields": {"action_time": "2025-02-14T19:41:31.697Z", "user": 1, "content_type": 6, "object_id": "3", "object_repr": "tenant1", "action_flag": 1, "change_message": "[{\"added\": {}}]"}}, {"model": "admin.logentry", "pk": 166, "fields": {"action_time": "2025-02-14T19:41:58.969Z", "user": 1, "content_type": 16, "object_id": "1", "object_repr": "Booking for House: House 1 (2025-02-20 to 2025-02-28)", "action_flag": 1, "change_message": "[{\"added\": {}}]"}}, {"model": "admin.logentry", "pk": 167, "fields": {"action_time": "2025-02-14T19:44:55.440Z", "user": 1, "content_type": 2, "object_id": "1", "object_repr": "Tenant: tenant1", "action_flag": 1, "change_message": "[{\"added\": {}}]"}}, {"model": "admin.logentry", "pk": 168, "fields": {"action_time": "2025-02-18T10:31:30.237Z", "user": 1, "content_type": 16, "object_id": "2", "object_repr": "Booking for Room: Room 1 (2025-02-01 to 2025-02-28)", "action_flag": 1, "change_message": "[{\"added\": {}}]"}}, {"model": "admin.logentry", "pk": 169, "fields": {"action_time": "2025-02-18T10:40:45.045Z", "user": 1, "content_type": 2, "object_id": "2", "object_repr": "Tenant: tenant2", "action_flag": 1, "change_message": "[{\"added\": {}}]"}}, {"model": "admin.logentry", "pk": 170, "fields": {"action_time": "2025-02-18T10:41:23.360Z", "user": 1, "content_type": 16, "object_id": "1", "object_repr": "Booking for House: House 1 (2025-02-20 to 2025-02-28)", "action_flag": 2, "change_message": "[{\"changed\": {\"fields\": [\"Tenant\"]}}]"}}, {"model": "admin.logentry", "pk": 171, "fields": {"action_time": "2025-02-18T10:41:27.718Z", "user": 1, "content_type": 16, "object_id": "1", "object_repr": "Booking for House: House 1 (2025-02-20 to 2025-02-28)", "action_flag": 2, "change_message": "[{\"changed\": {\"fields\": [\"Tenant\"]}}]"}}, {"model": "admin.logentry", "pk": 172, "fields": {"action_time": "2025-02-18T10:41:30.909Z", "user": 1, "content_type": 16, "object_id": "2", "object_repr": "Booking for Room: Room 1 (2025-02-01 to 2025-02-28)", "action_flag": 2, "change_message": "[{\"changed\": {\"fields\": [\"Tenant\"]}}]"}}, {"model": "admin.logentry", "pk": 173, "fields": {"action_time": "2025-02-18T10:55:37.973Z", "user": 1, "content_type": 15, "object_id": "1", "object_repr": "Image for Room 1", "action_flag": 1, "change_message": "[{\"added\": {}}]"}}, {"model": "admin.logentry", "pk": 174, "fields": {"action_time": "2025-02-18T10:55:45.913Z", "user": 1, "content_type": 15, "object_id": "2", "object_repr": "Image for Room 1", "action_flag": 1, "change_message": "[{\"added\": {}}]"}}, {"model": "admin.logentry", "pk": 175, "fields": {"action_time": "2025-02-18T10:55:51.901Z", "user": 1, "content_type": 15, "object_id": "3", "object_repr": "Image for Room 1", "action_flag": 1, "change_message": "[{\"added\": {}}]"}}, {"model": "admin.logentry", "pk": 176, "fields": {"action_time": "2025-02-18T10:56:04.728Z", "user": 1, "content_type": 15, "object_id": "4", "object_repr": "Image for Room 2", "action_flag": 1, "change_message": "[{\"added\": {}}]"}}, {"model": "admin.logentry", "pk": 177, "fields": {"action_time": "2025-02-18T10:56:10.198Z", "user": 1, "content_type": 15, "object_id": "5", "object_repr": "Image for Room 2", "action_flag": 1, "change_message": "[{\"added\": {}}]"}}, {"model": "admin.logentry", "pk": 178, "fields": {"action_time": "2025-02-18T10:56:17.003Z", "user": 1, "content_type": 15, "object_id": "6", "object_repr": "Image for Room 2", "action_flag": 1, "change_message": "[{\"added\": {}}]"}}, {"model": "admin.logentry", "pk": 179, "fields": {"action_time": "2025-02-18T10:56:24.417Z", "user": 1, "content_type": 15, "object_id": "7", "object_repr": "Image for Room 3", "action_flag": 1, "change_message": "[{\"added\": {}}]"}}, {"model": "admin.logentry", "pk": 180, "fields": {"action_time": "2025-02-18T10:56:31.316Z", "user": 1, "content_type": 15, "object_id": "8", "object_repr": "Image for Room 3", "action_flag": 1, "change_message": "[{\"added\": {}}]"}}, {"model": "admin.logentry", "pk": 181, "fields": {"action_time": "2025-02-18T10:56:36.304Z", "user": 1, "content_type": 15, "object_id": "9", "object_repr": "Image for Room 3", "action_flag": 1, "change_message": "[{\"added\": {}}]"}}, {"model": "admin.logentry", "pk": 182, "fields": {"action_time": "2025-02-18T10:56:50.181Z", "user": 1, "content_type": 15, "object_id": "10", "object_repr": "Image for Room 4", "action_flag": 1, "change_message": "[{\"added\": {}}]"}}, {"model": "admin.logentry", "pk": 183, "fields": {"action_time": "2025-02-18T10:56:54.886Z", "user": 1, "content_type": 15, "object_id": "11", "object_repr": "Image for Room 4", "action_flag": 1, "change_message": "[{\"added\": {}}]"}}, {"model": "admin.logentry", "pk": 184, "fields": {"action_time": "2025-02-18T10:56:59.829Z", "user": 1, "content_type": 15, "object_id": "12", "object_repr": "Image for Room 4", "action_flag": 1, "change_message": "[{\"added\": {}}]"}}, {"model": "admin.logentry", "pk": 185, "fields": {"action_time": "2025-02-18T10:57:09.132Z", "user": 1, "content_type": 15, "object_id": "13", "object_repr": "Image for Room 5", "action_flag": 1, "change_message": "[{\"added\": {}}]"}}, {"model": "admin.logentry", "pk": 186, "fields": {"action_time": "2025-02-18T10:57:17.229Z", "user": 1, "content_type": 15, "object_id": "14", "object_repr": "Image for Room 5", "action_flag": 1, "change_message": "[{\"added\": {}}]"}}, {"model": "admin.logentry", "pk": 187, "fields": {"action_time": "2025-02-18T10:57:22.067Z", "user": 1, "content_type": 15, "object_id": "15", "object_repr": "Image for Room 5", "action_flag": 1, "change_message": "[{\"added\": {}}]"}}, {"model": "admin.logentry", "pk": 188, "fields": {"action_time": "2025-02-18T17:35:53.923Z", "user": 1, "content_type": 6, "object_id": "3", "object_repr": "tenant1", "action_flag": 2, "change_message": "[{\"changed\": {\"fields\": [\"Email address\"]}}]"}}, {"model": "admin.logentry", "pk": 189, "fields": {"action_time": "2025-02-18T17:40:28.606Z", "user": 1, "content_type": 13, "object_id": "4", "object_repr": "Sunset Villa", "action_flag": 2, "change_message": "[{\"changed\": {\"fields\": [\"Managers\"]}}]"}}, {"model": "admin.logentry", "pk": 190, "fields": {"action_time": "2025-02-18T17:46:25.930Z", "user": 1, "content_type": 6, "object_id": "1", "object_repr": "riz", "action_flag": 2, "change_message": "[{\"changed\": {\"fields\": [\"First name\", \"Last name\", \"Email address\"]}}]"}}, {"model": "admin.logentry", "pk": 191, "fields": {"action_time": "2025-02-18T17:54:22.910Z", "user": 1, "content_type": 13, "object_id": "4", "object_repr": "Sunset Villa", "action_flag": 2, "change_message": "[]"}}, {"model": "admin.logentry", "pk": 192, "fields": {"action_time": "2025-02-18T17:57:06.576Z", "user": 1, "content_type": 6, "object_id": "5", "object_repr": "shaheer", "action_flag": 1, "change_message": "[{\"added\": {}}]"}}, {"model": "admin.logentry", "pk": 193, "fields": {"action_time": "2025-02-18T17:57:23.603Z", "user": 1, "content_type": 6, "object_id": "5", "object_repr": "shaheer", "action_flag": 2, "change_message": "[{\"changed\": {\"fields\": [\"First name\", \"Last name\", \"Email address\", \"Last login\"]}}]"}}, {"model": "admin.logentry", "pk": 194, "fields": {"action_time": "2025-02-18T17:57:49.897Z", "user": 1, "content_type": 1, "object_id": "1", "object_repr": "Manager: Shaheer khan", "action_flag": 1, "change_message": "[{\"added\": {}}]"}}, {"model": "admin.logentry", "pk": 195, "fields": {"action_time": "2025-02-18T17:58:13.605Z", "user": 1, "content_type": 1, "object_id": "1", "object_repr": "Manager: Shaheer khan", "action_flag": 2, "change_message": "[{\"changed\": {\"fields\": [\"Managed properties\"]}}]"}}, {"model": "admin.logentry", "pk": 196, "fields": {"action_time": "2025-02-18T18:01:11.970Z", "user": 1, "content_type": 16, "object_id": "1", "object_repr": "Booking for House: House 2 (2025-02-18 to 2025-02-22)", "action_flag": 3, "change_message": ""}}, {"model": "admin.logentry", "pk": 197, "fields": {"action_time": "2025-02-18T18:08:30.304Z", "user": 1, "content_type": 6, "object_id": "6", "object_repr": "hamza", "action_flag": 3, "change_message": ""}}, {"model": "auth.permission", "pk": 1, "fields": {"name": "Can add property manager profile", "content_type": 1, "codename": "add_propertymanagerprofile"}}, {"model": "auth.permission", "pk": 2, "fields": {"name": "Can change property manager profile", "content_type": 1, "codename": "change_propertymanagerprofile"}}, {"model": "auth.permission", "pk": 3, "fields": {"name": "Can delete property manager profile", "content_type": 1, "codename": "delete_propertymanagerprofile"}}, {"model": "auth.permission", "pk": 4, "fields": {"name": "Can view property manager profile", "content_type": 1, "codename": "view_propertymanagerprofile"}}, {"model": "auth.permission", "pk": 5, "fields": {"name": "Can add tenant profile", "content_type": 2, "codename": "add_tenantprofile"}}, {"model": "auth.permission", "pk": 6, "fields": {"name": "Can change tenant profile", "content_type": 2, "codename": "change_tenantprofile"}}, {"model": "auth.permission", "pk": 7, "fields": {"name": "Can delete tenant profile", "content_type": 2, "codename": "delete_tenantprofile"}}, {"model": "auth.permission", "pk": 8, "fields": {"name": "Can view tenant profile", "content_type": 2, "codename": "view_tenantprofile"}}, {"model": "auth.permission", "pk": 9, "fields": {"name": "Can add log entry", "content_type": 3, "codename": "add_logentry"}}, {"model": "auth.permission", "pk": 10, "fields": {"name": "Can change log entry", "content_type": 3, "codename": "change_logentry"}}, {"model": "auth.permission", "pk": 11, "fields": {"name": "Can delete log entry", "content_type": 3, "codename": "delete_logentry"}}, {"model": "auth.permission", "pk": 12, "fields": {"name": "Can view log entry", "content_type": 3, "codename": "view_logentry"}}, {"model": "auth.permission", "pk": 13, "fields": {"name": "Can add permission", "content_type": 4, "codename": "add_permission"}}, {"model": "auth.permission", "pk": 14, "fields": {"name": "Can change permission", "content_type": 4, "codename": "change_permission"}}, {"model": "auth.permission", "pk": 15, "fields": {"name": "Can delete permission", "content_type": 4, "codename": "delete_permission"}}, {"model": "auth.permission", "pk": 16, "fields": {"name": "Can view permission", "content_type": 4, "codename": "view_permission"}}, {"model": "auth.permission", "pk": 17, "fields": {"name": "Can add group", "content_type": 5, "codename": "add_group"}}, {"model": "auth.permission", "pk": 18, "fields": {"name": "Can change group", "content_type": 5, "codename": "change_group"}}, {"model": "auth.permission", "pk": 19, "fields": {"name": "Can delete group", "content_type": 5, "codename": "delete_group"}}, {"model": "auth.permission", "pk": 20, "fields": {"name": "Can view group", "content_type": 5, "codename": "view_group"}}, {"model": "auth.permission", "pk": 21, "fields": {"name": "Can add user", "content_type": 6, "codename": "add_user"}}, {"model": "auth.permission", "pk": 22, "fields": {"name": "Can change user", "content_type": 6, "codename": "change_user"}}, {"model": "auth.permission", "pk": 23, "fields": {"name": "Can delete user", "content_type": 6, "codename": "delete_user"}}, {"model": "auth.permission", "pk": 24, "fields": {"name": "Can view user", "content_type": 6, "codename": "view_user"}}, {"model": "auth.permission", "pk": 25, "fields": {"name": "Can add content type", "content_type": 7, "codename": "add_contenttype"}}, {"model": "auth.permission", "pk": 26, "fields": {"name": "Can change content type", "content_type": 7, "codename": "change_contenttype"}}, {"model": "auth.permission", "pk": 27, "fields": {"name": "Can delete content type", "content_type": 7, "codename": "delete_contenttype"}}, {"model": "auth.permission", "pk": 28, "fields": {"name": "Can view content type", "content_type": 7, "codename": "view_contenttype"}}, {"model": "auth.permission", "pk": 29, "fields": {"name": "Can add session", "content_type": 8, "codename": "add_session"}}, {"model": "auth.permission", "pk": 30, "fields": {"name": "Can change session", "content_type": 8, "codename": "change_session"}}, {"model": "auth.permission", "pk": 31, "fields": {"name": "Can delete session", "content_type": 8, "codename": "delete_session"}}, {"model": "auth.permission", "pk": 32, "fields": {"name": "Can view session", "content_type": 8, "codename": "view_session"}}, {"model": "auth.permission", "pk": 33, "fields": {"name": "Can add amenity", "content_type": 9, "codename": "add_amenity"}}, {"model": "auth.permission", "pk": 34, "fields": {"name": "Can change amenity", "content_type": 9, "codename": "change_amenity"}}, {"model": "auth.permission", "pk": 35, "fields": {"name": "Can delete amenity", "content_type": 9, "codename": "delete_amenity"}}, {"model": "auth.permission", "pk": 36, "fields": {"name": "Can view amenity", "content_type": 9, "codename": "view_amenity"}}, {"model": "auth.permission", "pk": 37, "fields": {"name": "Can add facility", "content_type": 10, "codename": "add_facility"}}, {"model": "auth.permission", "pk": 38, "fields": {"name": "Can change facility", "content_type": 10, "codename": "change_facility"}}, {"model": "auth.permission", "pk": 39, "fields": {"name": "Can delete facility", "content_type": 10, "codename": "delete_facility"}}, {"model": "auth.permission", "pk": 40, "fields": {"name": "Can view facility", "content_type": 10, "codename": "view_facility"}}, {"model": "auth.permission", "pk": 41, "fields": {"name": "Can add house", "content_type": 11, "codename": "add_house"}}, {"model": "auth.permission", "pk": 42, "fields": {"name": "Can change house", "content_type": 11, "codename": "change_house"}}, {"model": "auth.permission", "pk": 43, "fields": {"name": "Can delete house", "content_type": 11, "codename": "delete_house"}}, {"model": "auth.permission", "pk": 44, "fields": {"name": "Can view house", "content_type": 11, "codename": "view_house"}}, {"model": "auth.permission", "pk": 45, "fields": {"name": "Can add house image", "content_type": 12, "codename": "add_houseimage"}}, {"model": "auth.permission", "pk": 46, "fields": {"name": "Can change house image", "content_type": 12, "codename": "change_houseimage"}}, {"model": "auth.permission", "pk": 47, "fields": {"name": "Can delete house image", "content_type": 12, "codename": "delete_houseimage"}}, {"model": "auth.permission", "pk": 48, "fields": {"name": "Can view house image", "content_type": 12, "codename": "view_houseimage"}}, {"model": "auth.permission", "pk": 49, "fields": {"name": "Can add property", "content_type": 13, "codename": "add_property"}}, {"model": "auth.permission", "pk": 50, "fields": {"name": "Can change property", "content_type": 13, "codename": "change_property"}}, {"model": "auth.permission", "pk": 51, "fields": {"name": "Can delete property", "content_type": 13, "codename": "delete_property"}}, {"model": "auth.permission", "pk": 52, "fields": {"name": "Can view property", "content_type": 13, "codename": "view_property"}}, {"model": "auth.permission", "pk": 53, "fields": {"name": "Can add room", "content_type": 14, "codename": "add_room"}}, {"model": "auth.permission", "pk": 54, "fields": {"name": "Can change room", "content_type": 14, "codename": "change_room"}}, {"model": "auth.permission", "pk": 55, "fields": {"name": "Can delete room", "content_type": 14, "codename": "delete_room"}}, {"model": "auth.permission", "pk": 56, "fields": {"name": "Can view room", "content_type": 14, "codename": "view_room"}}, {"model": "auth.permission", "pk": 57, "fields": {"name": "Can add room image", "content_type": 15, "codename": "add_roomimage"}}, {"model": "auth.permission", "pk": 58, "fields": {"name": "Can change room image", "content_type": 15, "codename": "change_roomimage"}}, {"model": "auth.permission", "pk": 59, "fields": {"name": "Can delete room image", "content_type": 15, "codename": "delete_roomimage"}}, {"model": "auth.permission", "pk": 60, "fields": {"name": "Can view room image", "content_type": 15, "codename": "view_roomimage"}}, {"model": "auth.permission", "pk": 61, "fields": {"name": "Can add booking", "content_type": 16, "codename": "add_booking"}}, {"model": "auth.permission", "pk": 62, "fields": {"name": "Can change booking", "content_type": 16, "codename": "change_booking"}}, {"model": "auth.permission", "pk": 63, "fields": {"name": "Can delete booking", "content_type": 16, "codename": "delete_booking"}}, {"model": "auth.permission", "pk": 64, "fields": {"name": "Can view booking", "content_type": 16, "codename": "view_booking"}}, {"model": "auth.permission", "pk": 65, "fields": {"name": "Can add payment method", "content_type": 17, "codename": "add_paymentmethod"}}, {"model": "auth.permission", "pk": 66, "fields": {"name": "Can change payment method", "content_type": 17, "codename": "change_paymentmethod"}}, {"model": "auth.permission", "pk": 67, "fields": {"name": "Can delete payment method", "content_type": 17, "codename": "delete_paymentmethod"}}, {"model": "auth.permission", "pk": 68, "fields": {"name": "Can view payment method", "content_type": 17, "codename": "view_paymentmethod"}}, {"model": "auth.permission", "pk": 69, "fields": {"name": "Can add payment", "content_type": 18, "codename": "add_payment"}}, {"model": "auth.permission", "pk": 70, "fields": {"name": "Can change payment", "content_type": 18, "codename": "change_payment"}}, {"model": "auth.permission", "pk": 71, "fields": {"name": "Can delete payment", "content_type": 18, "codename": "delete_payment"}}, {"model": "auth.permission", "pk": 72, "fields": {"name": "Can view payment", "content_type": 18, "codename": "view_payment"}}, {"model": "auth.user", "pk": 1, "fields": {"password": "pbkdf2_sha256$720000$vqBEiRIIIUGXj0wBpsy54r$IYOGkWHbswDmC3SfAj9PKEF/fe7elUVpgZfoBp23NhA=", "last_login": "2025-02-18T17:38:16Z", "is_superuser": true, "username": "riz", "first_name": "Shaheer", "last_name": "Khan", "email": "test_bijou@gmail.com", "is_staff": true, "is_active": true, "date_joined": "2025-02-11T14:44:27Z", "groups": [], "user_permissions": []}}, {"model": "auth.user", "pk": 2, "fields": {"password": "", "last_login": null, "is_superuser": true, "username": "admin", "first_name": "", "last_name": "", "email": "", "is_staff": true, "is_active": true, "date_joined": "2025-02-11T14:52:36.799Z", "groups": [], "user_permissions": []}}, {"model": "auth.user", "pk": 3, "fields": {"password": "pbkdf2_sha256$720000$LHEQWkh5u3iQMrKD6JanbU$VY49bDhN9mKZCncwSc/+XC/ChKx9apiOmKbviw3P9XY=", "last_login": "2025-02-18T18:53:14.136Z", "is_superuser": false, "username": "tenant1", "first_name": "", "last_name": "", "email": "rizwansoomro@gmail.com", "is_staff": false, "is_active": true, "date_joined": "2025-02-14T19:41:31Z", "groups": [], "user_permissions": []}}, {"model": "auth.user", "pk": 4, "fields": {"password": "pbkdf2_sha256$720000$2TcPvHtppBe1RnqI1t9ej3$LV7eD646BQkusMiL6dvoyCP2NhgRxFOMsOx/6r6pNys=", "last_login": "2025-02-18T10:40:58.944Z", "is_superuser": false, "username": "tenant2", "first_name": "", "last_name": "", "email": "rizarchlinux@gmail.com", "is_staff": false, "is_active": true, "date_joined": "2025-02-18T10:40:11.033Z", "groups": [], "user_permissions": []}}, {"model": "auth.user", "pk": 5, "fields": {"password": "pbkdf2_sha256$720000$5LeP5vyvpqfkHYQnYFTm5B$qE12zjv5uAUZvYqv99c04tkalwtDG7LXmo/GXM4UXa0=", "last_login": "2025-02-18T17:57:21Z", "is_superuser": false, "username": "shaheer", "first_name": "Shaheer", "last_name": "khan", "email": "test_bijou@gmail.com", "is_staff": false, "is_active": true, "date_joined": "2025-02-18T17:57:06Z", "groups": [], "user_permissions": []}}, {"model": "auth.user", "pk": 7, "fields": {"password": "pbkdf2_sha256$720000$4ZDowiXbd0xh8HI1nB4z1W$ttmCiGoHPqvZs3erAN/YrhOdr51+9CzrRMG43hEWFic=", "last_login": "2025-02-18T18:08:49.759Z", "is_superuser": false, "username": "hamza", "first_name": "", "last_name": "", "email": "hamzaks@gmail.com", "is_staff": false, "is_active": true, "date_joined": "2025-02-18T18:08:49.312Z", "groups": [], "user_permissions": []}}, {"model": "auth.user", "pk": 8, "fields": {"password": "pbkdf2_sha256$720000$ObFg8ao31ONRchAG0kZsap$XNYPMI1rkA22ptK65vkI9PCUSLoaN4zM4JUOfMSIcLc=", "last_login": "2025-02-18T18:51:41.101Z", "is_superuser": false, "username": "shaheerkhan89", "first_name": "", "last_name": "", "email": "ahmed_sherry@hotmail.com", "is_staff": false, "is_active": true, "date_joined": "2025-02-18T18:51:40.366Z", "groups": [], "user_permissions": []}}, {"model": "auth.user", "pk": 9, "fields": {"password": "pbkdf2_sha256$720000$6wwbNznpVvnGK5nOUy07Od$E2/FUZtSQfh7XGJciJB/JD07oskK5EycY2bkKulHg98=", "last_login": "2025-02-18T18:52:49.943Z", "is_superuser": false, "username": "shaheerkhan", "first_name": "", "last_name": "", "email": "skhan.bijou@gmail.com", "is_staff": false, "is_active": true, "date_joined": "2025-02-18T18:52:49.295Z", "groups": [], "user_permissions": []}}, {"model": "contenttypes.contenttype", "pk": 1, "fields": {"app_label": "users", "model": "propertymanagerprofile"}}, {"model": "contenttypes.contenttype", "pk": 2, "fields": {"app_label": "users", "model": "tenantprofile"}}, {"model": "contenttypes.contenttype", "pk": 3, "fields": {"app_label": "admin", "model": "logentry"}}, {"model": "contenttypes.contenttype", "pk": 4, "fields": {"app_label": "auth", "model": "permission"}}, {"model": "contenttypes.contenttype", "pk": 5, "fields": {"app_label": "auth", "model": "group"}}, {"model": "contenttypes.contenttype", "pk": 6, "fields": {"app_label": "auth", "model": "user"}}, {"model": "contenttypes.contenttype", "pk": 7, "fields": {"app_label": "contenttypes", "model": "contenttype"}}, {"model": "contenttypes.contenttype", "pk": 8, "fields": {"app_label": "sessions", "model": "session"}}, {"model": "contenttypes.contenttype", "pk": 9, "fields": {"app_label": "accomodations", "model": "amenity"}}, {"model": "contenttypes.contenttype", "pk": 10, "fields": {"app_label": "accomodations", "model": "facility"}}, {"model": "contenttypes.contenttype", "pk": 11, "fields": {"app_label": "accomodations", "model": "house"}}, {"model": "contenttypes.contenttype", "pk": 12, "fields": {"app_label": "accomodations", "model": "houseimage"}}, {"model": "contenttypes.contenttype", "pk": 13, "fields": {"app_label": "accomodations", "model": "property"}}, {"model": "contenttypes.contenttype", "pk": 14, "fields": {"app_label": "accomodations", "model": "room"}}, {"model": "contenttypes.contenttype", "pk": 15, "fields": {"app_label": "accomodations", "model": "roomimage"}}, {"model": "contenttypes.contenttype", "pk": 16, "fields": {"app_label": "accomodations", "model": "booking"}}, {"model": "contenttypes.contenttype", "pk": 17, "fields": {"app_label": "finances", "model": "paymentmethod"}}, {"model": "contenttypes.contenttype", "pk": 18, "fields": {"app_label": "finances", "model": "payment"}}, {"model": "sessions.session", "pk": "7mogspja6yk4rz4x1pzfgnnnlkxlljws", "fields": {"session_data": ".eJxVjEEOwiAQRe_C2hCGgSIu3fcMZGBAqoYmpV0Z765NutDtf-_9lwi0rTVsPS9hYnERIE6_W6T0yG0HfKd2m2Wa27pMUe6KPGiX48z5eT3cv4NKvX5r61weEMGyRV-c184gaEQPPrpsGNAliJqShcjs46CoFFDWYD4rMFa8P6yQNq0:1tkRY0:N_HYT6mVVO0AmFIg0EbuRMQ6FMebtN5Ys1vPw4Oj2P4", "expire_date": "2025-03-04T17:38:16.985Z"}}, {"model": "sessions.session", "pk": "e7wz8lctiifpwmvev78oktadr5n55l4b", "fields": {"session_data": ".eJxVjEEOwiAQRe_C2hAIUMCle89AZoapVA0kpV013t026UK3_73_NpFgXUpaO89pyuIqorj8bgj04nqA_IT6aJJaXeYJ5aHIk3Z5b5nft9P9CxToZX-7IWiiwVEeyetAI1mfo-e4J0ApGwGJLOuQVWBCtIbRRdIevGGDRny-FO85KQ:1tkSi9:kCPuEXKBUU7TBliHWLfrN5AX6JWopke-W4oLL-e0IyQ", "expire_date": "2025-03-04T18:52:49.954Z"}}, {"model": "sessions.session", "pk": "gk41wjhv4te3uykt8lkz7e5sgz707ls3", "fields": {"session_data": ".eJxVjMsOwiAUBf-FtSEglIdL934DOXCvUjU0Ke3K-O_apAvdnpk5L5GwLjWtnec0kjgJIw6_W0Z5cNsA3dFukyxTW-Yxy02RO-3yMhE_z7v7d1DR67dGNNAxGCrBOXIgf1TeRe3ZI_uogAGs4NQQLYdIwWhotlpxJu3tVbw_2T43pw:1tkSiY:4Er4wesXFp7bZ-VDZvAYbt1zYORfItJwntb8-JLghX8", "expire_date": "2025-03-04T18:53:14.148Z"}}, {"model": "sessions.session", "pk": "l33p2chsnuvrj2nlvxj7zt8i5u2ttz3o", "fields": {"session_data": ".eJxVjLsOAiEURP-F2hC4IA9Le7-BAPciqwaSZbcy_ru7yRbaTDHnzLxZiOtSwzpoDhOyC7Ps9NulmJ_UdoCP2O6d596WeUp8V_hBB791pNf1cP8Oahx1WwuUmMs5eWMTFSeMsmpL75RDtCqD0QYkZYoJQID0CNopMCBkIdSGfb7XnTcX:1tkS1Z:5VRshidYNoeOW3w-U4PudLCnZA0xdK3NHnj52JCkWZU", "expire_date": "2025-03-04T18:08:49.762Z"}}, {"model": "sessions.session", "pk": "n4a9eseu6hnwnc4rsvo3bf3qnj6mun7b", "fields": {"session_data": ".eJxVjEEOwiAQRe_C2hCGgSIu3fcMZGBAqoYmpV0Z765NutDtf-_9lwi0rTVsPS9hYnERIE6_W6T0yG0HfKd2m2Wa27pMUe6KPGiX48z5eT3cv4NKvX5r61weEMGyRV-c184gaEQPPrpsGNAliJqShcjs46CoFFDWYD4rMFa8P6yQNq0:1thx46:THGOwhJ3YXx8uKf328-3Oh8WJE8-OLCoR3p-XM__cos", "expire_date": "2025-02-25T20:41:06.541Z"}}, {"model": "sessions.session", "pk": "wgxrjdb269ufmpx46rbmzr2ivth5iwfh", "fields": {"session_data": ".eJxVjEEOwiAQRe_C2hCGgSIu3fcMZGBAqoYmpV0Z765NutDtf-_9lwi0rTVsPS9hYnERIE6_W6T0yG0HfKd2m2Wa27pMUe6KPGiX48z5eT3cv4NKvX5r61weEMGyRV-c184gaEQPPrpsGNAliJqShcjs46CoFFDWYD4rMFa8P6yQNq0:1thrVe:A740CM1NM0IoN_G2qPZxj58IDrKNwQDVsPqzQ2EdpGY", "expire_date": "2025-02-25T14:45:10.247Z"}}, {"model": "accomodations.amenity", "pk": 11, "fields": {"name": "WiFi"}}, {"model": "accomodations.amenity", "pk": 12, "fields": {"name": "Air Conditioning"}}, {"model": "accomodations.amenity", "pk": 13, "fields": {"name": "Heating"}}, {"model": "accomodations.amenity", "pk": 14, "fields": {"name": "TV"}}, {"model": "accomodations.amenity", "pk": 15, "fields": {"name": "Parking"}}, {"model": "accomodations.amenity", "pk": 16, "fields": {"name": "Swimming Pool"}}, {"model": "accomodations.property", "pk": 4, "fields": {"name": "Sunset Villa", "address": "123 Beachside Ave", "city": "Miami", "state": "FL", "zip_code": "33101", "latitude": 37.7749, "longitude": 122.4194, "description": "A luxurious villa with ocean views.", "rules": "", "created_at": "2025-02-11T14:58:12.624Z", "updated_at": "2025-02-18T17:54:22.906Z", "slug": "sunset-villa", "amenities": [11, 12, 13, 14, 15, 16], "managers": [1]}}, {"model": "accomodations.house", "pk": 18, "fields": {"property": 4, "name": "House 1", "no_of_bathroom": 3, "slug": "house-1", "price_per_night": "204.70", "number_of_rooms": 5, "description": null, "is_available": false}}, {"model": "accomodations.house", "pk": 19, "fields": {"property": 4, "name": "House 2", "no_of_bathroom": 2, "slug": "house-2", "price_per_night": "268.44", "number_of_rooms": 1, "description": null, "is_available": true}}, {"model": "accomodations.house", "pk": 20, "fields": {"property": 4, "name": "House 3", "no_of_bathroom": 1, "slug": "house-3", "price_per_night": "80.36", "number_of_rooms": 1, "description": null, "is_available": true}}, {"model": "accomodations.house", "pk": 21, "fields": {"property": 4, "name": "House 4", "no_of_bathroom": 2, "slug": "house-4", "price_per_night": "208.88", "number_of_rooms": 1, "description": null, "is_available": true}}, {"model": "accomodations.house", "pk": 22, "fields": {"property": 4, "name": "House 5", "no_of_bathroom": 3, "slug": "house-5", "price_per_night": "295.43", "number_of_rooms": 2, "description": null, "is_available": true}}, {"model": "accomodations.house", "pk": 23, "fields": {"property": 4, "name": "House 6", "no_of_bathroom": 1, "slug": "house-6", "price_per_night": "180.57", "number_of_rooms": 4, "description": null, "is_available": true}}, {"model": "accomodations.houseimage", "pk": 1, "fields": {"house": 18, "image": "house_images/Exteriors_3.jpg", "caption": null}}, {"model": "accomodations.houseimage", "pk": 2, "fields": {"house": 18, "image": "house_images/bed_1.jpg", "caption": null}}, {"model": "accomodations.houseimage", "pk": 3, "fields": {"house": 18, "image": "house_images/IMG_0237.jpg", "caption": null}}, {"model": "accomodations.houseimage", "pk": 4, "fields": {"house": 19, "image": "house_images/Exteriors_1.jpg", "caption": null}}, {"model": "accomodations.houseimage", "pk": 5, "fields": {"house": 19, "image": "house_images/Bedroom_1.jpg", "caption": null}}, {"model": "accomodations.houseimage", "pk": 6, "fields": {"house": 19, "image": "house_images/Kitchen.jpg", "caption": null}}, {"model": "accomodations.houseimage", "pk": 7, "fields": {"house": 19, "image": "house_images/living_room_Interiors_2.jpg", "caption": null}}, {"model": "accomodations.houseimage", "pk": 8, "fields": {"house": 20, "image": "house_images/main_door.jpg", "caption": null}}, {"model": "accomodations.houseimage", "pk": 9, "fields": {"house": 20, "image": "house_images/living_room.jpg", "caption": null}}, {"model": "accomodations.houseimage", "pk": 10, "fields": {"house": 20, "image": "house_images/dining_room.jpg", "caption": null}}, {"model": "accomodations.houseimage", "pk": 11, "fields": {"house": 21, "image": "house_images/bed5.jpg", "caption": null}}, {"model": "accomodations.houseimage", "pk": 12, "fields": {"house": 21, "image": "house_images/IMG_5717.jpg", "caption": null}}, {"model": "accomodations.houseimage", "pk": 13, "fields": {"house": 21, "image": "house_images/IMG_9587.jpg", "caption": null}}, {"model": "accomodations.houseimage", "pk": 14, "fields": {"house": 22, "image": "house_images/IMG_1108.jpg", "caption": null}}, {"model": "accomodations.houseimage", "pk": 15, "fields": {"house": 22, "image": "house_images/IMG_0237_uwSjvWI.jpg", "caption": null}}, {"model": "accomodations.houseimage", "pk": 16, "fields": {"house": 22, "image": "house_images/main_door_5nehIs0.jpg", "caption": null}}, {"model": "accomodations.houseimage", "pk": 17, "fields": {"house": 23, "image": "house_images/main_floor_bath.jpg", "caption": null}}, {"model": "accomodations.houseimage", "pk": 18, "fields": {"house": 23, "image": "house_images/dining_room_AtAz6tB.jpg", "caption": null}}, {"model": "accomodations.houseimage", "pk": 19, "fields": {"house": 23, "image": "house_images/main_floor_bath_fZaQdeo.jpg", "caption": null}}, {"model": "accomodations.room", "pk": 103, "fields": {"property": 4, "name": "Room 1", "slug": "room-1", "capacity": 4, "number_of_bed": 1, "type_of_bed": "single", "price_per_night": "170.87", "description": null, "is_available": true, "created_at": "2025-02-11T14:58:12.892Z", "updated_at": "2025-02-11T14:58:12.893Z"}}, {"model": "accomodations.room", "pk": 104, "fields": {"property": 4, "name": "Room 2", "slug": "room-2", "capacity": 1, "number_of_bed": 1, "type_of_bed": "double", "price_per_night": "183.63", "description": null, "is_available": true, "created_at": "2025-02-11T14:58:12.924Z", "updated_at": "2025-02-11T14:58:12.924Z"}}, {"model": "accomodations.room", "pk": 105, "fields": {"property": 4, "name": "Room 3", "slug": "room-3", "capacity": 1, "number_of_bed": 1, "type_of_bed": "single", "price_per_night": "42.29", "description": null, "is_available": true, "created_at": "2025-02-11T14:58:12.954Z", "updated_at": "2025-02-11T14:58:12.954Z"}}, {"model": "accomodations.room", "pk": 106, "fields": {"property": 4, "name": "Room 4", "slug": "room-4", "capacity": 1, "number_of_bed": 2, "type_of_bed": "single", "price_per_night": "229.80", "description": null, "is_available": true, "created_at": "2025-02-11T14:58:12.984Z", "updated_at": "2025-02-11T14:58:12.984Z"}}, {"model": "accomodations.room", "pk": 107, "fields": {"property": 4, "name": "Room 5", "slug": "room-5", "capacity": 3, "number_of_bed": 1, "type_of_bed": "queen", "price_per_night": "117.25", "description": null, "is_available": true, "created_at": "2025-02-11T14:58:13.012Z", "updated_at": "2025-02-11T14:58:13.012Z"}}, {"model": "accomodations.room", "pk": 108, "fields": {"property": 4, "name": "Room 6", "slug": "room-6", "capacity": 2, "number_of_bed": 2, "type_of_bed": "queen", "price_per_night": "112.65", "description": null, "is_available": true, "created_at": "2025-02-11T14:58:13.042Z", "updated_at": "2025-02-11T14:58:13.042Z"}}, {"model": "accomodations.roomimage", "pk": 1, "fields": {"room": 103, "image": "room_images/Bedroom_1.jpg", "caption": null}}, {"model": "accomodations.roomimage", "pk": 2, "fields": {"room": 103, "image": "room_images/dining_room.jpg", "caption": null}}, {"model": "accomodations.roomimage", "pk": 3, "fields": {"room": 103, "image": "room_images/Kitchen.jpg", "caption": null}}, {"model": "accomodations.roomimage", "pk": 4, "fields": {"room": 104, "image": "room_images/bed_1.jpg", "caption": null}}, {"model": "accomodations.roomimage", "pk": 5, "fields": {"room": 104, "image": "room_images/dining_room_Uqhhjuw.jpg", "caption": null}}, {"model": "accomodations.roomimage", "pk": 6, "fields": {"room": 104, "image": "room_images/Exteriors_3.jpg", "caption": null}}, {"model": "accomodations.roomimage", "pk": 7, "fields": {"room": 105, "image": "room_images/bed5.jpg", "caption": null}}, {"model": "accomodations.roomimage", "pk": 8, "fields": {"room": 105, "image": "room_images/IMG_1108.jpg", "caption": null}}, {"model": "accomodations.roomimage", "pk": 9, "fields": {"room": 105, "image": "room_images/IMG_5717.jpg", "caption": null}}, {"model": "accomodations.roomimage", "pk": 10, "fields": {"room": 106, "image": "room_images/main_floor_bath.jpg", "caption": null}}, {"model": "accomodations.roomimage", "pk": 11, "fields": {"room": 106, "image": "room_images/living_room_Interiors_2.jpg", "caption": null}}, {"model": "accomodations.roomimage", "pk": 12, "fields": {"room": 106, "image": "room_images/staircase.jpg", "caption": null}}, {"model": "accomodations.roomimage", "pk": 13, "fields": {"room": 107, "image": "room_images/main_floor_bath_dyXWplw.jpg", "caption": null}}, {"model": "accomodations.roomimage", "pk": 14, "fields": {"room": 107, "image": "room_images/IMG_5727.jpg", "caption": null}}, {"model": "accomodations.roomimage", "pk": 15, "fields": {"room": 107, "image": "room_images/living_room.jpg", "caption": null}}, {"model": "accomodations.booking", "pk": 2, "fields": {"tenant": 9, "house": null, "room": 103, "check_in": "2025-02-18", "check_out": "2025-02-22", "status": "pending", "created_at": "2025-02-18T18:54:19.012Z"}}, {"model": "finances.paymentmethod", "pk": 1, "fields": {"name": "bank_account", "details": "Bijou LLC\r\nAccount # 123456789XYZ\r\nIBAN USPKXYZ987654123", "qr_code": "payment_method_qr_codes/venmo_qr.png", "slug": "bank-account", "created_at": "2025-02-11T20:27:26.827Z", "updated_at": "2025-02-11T20:27:26.827Z"}}, {"model": "finances.paymentmethod", "pk": 2, "fields": {"name": "zelle", "details": "User ID: 98745622", "qr_code": "payment_method_qr_codes/venmo_qr_c0OPtoR.png", "slug": "zelle", "created_at": "2025-02-11T20:27:58.109Z", "updated_at": "2025-02-11T20:27:58.109Z"}}]
